id,clm.count,clm.total
3Kz3JW,1,15152
fetxrI,1,3941
3kSAIs,1,7525
THa2MJ,1,10082
eDsjXX,1,5255
hHuwbC,1,4833
CeUxT0,1,18574
PYcrX3,1,3505
3ycpZA,1,4223
Cc1zzZ,1,8804
EiJx4A,1,9982
kQyyjm,1,6400
wbckAj,1,9012
IPAN00,1,9740
GXEJtJ,1,4704
h4itgR,1,6458
GgcjFX,1,24008
3ZZNJP,1,11601
LbKJmP,1,7027
InhWos,1,7631
r3eHpi,1,21047
1mXufh,1,4042
VhLdgD,1,11546
icpdZo,1,11816
tOGmuI,1,5316
vkWSef,1,4231
jxAj31,1,18599
TKMjAl,1,4483
FwyeYx,1,10318
KZev1W,1,15886
wciQhy,1,2806
StKMpg,2,52695
GnBiRd,1,3958
TsEc3N,1,7329
mQ0BC4,1,7232
B0OnTF,1,6248
AeZKZE,1,25480
JS2euk,1,4340
PODgmJ,1,3517
oWpTrn,1,6285
PyUjmh,1,18554
ADHwrN,1,4606
fanrjY,1,5174
MtvIti,1,3023
HkHfgO,2,10533
Ib4DyG,1,4860
WttXWv,1,8687
wkQDId,1,3357
SLsNVm,1,4080
hKBrNz,1,8521
HCONxV,1,6218
BfZi04,1,4639
IIkC31,1,20230
uEsQdJ,1,4264
PP2trz,1,11225
01slXS,1,5468
qTf0hd,1,10498
KeGDSh,1,13680
j0UXf3,1,10343
YsIOLi,1,13591
ylNgyA,1,9443
zp4Vgm,1,2321
aPMokr,1,4619
jM4Swi,2,20637
BEDAIc,1,5332
fmlOQ1,1,31476
ZpmYGS,1,8112
CPzuaD,1,3757
Wp4E1l,1,3811
skQxfY,1,14577
PP0yve,1,5936
hpuTlG,1,3390
me3lxa,1,11204
iq4TkD,1,3373
IQIXRj,1,9410
yjDcvL,1,7589
hmWol4,1,6328
OtNZSY,1,9384
0TvqMd,1,5228
idTKxD,1,9317
OsVUch,1,12241
hifYJ4,1,6185
ogiWK4,1,21366
UkVUzD,1,13110
CSEpbQ,1,5585
u4Mhay,1,7759
0rNQBv,1,4172
gNoHzE,2,29558
VGrYYo,2,22442
L1jptS,1,11356
nuW1UW,1,9094
ECO4MT,1,11158
t1ueut,1,3853
3Pc0Zt,1,3923
LkhMWW,1,4196
OLmvu4,1,3747
OmvUQl,1,12174
D0ZJQX,1,9366
kkuYLr,1,11390
mWBvMh,1,6430
sjFFwe,1,16839
KJSnaO,1,10005
PRAWgT,1,8437
iiaHeL,1,4879
jIiD2v,1,2870
ySnWX1,1,7038
unAMsp,1,5118
IVCkDp,2,31300
xxfwtz,1,7954
Rum2SB,2,12481
wiPkBE,1,18986
EEzh2g,1,3724
wShkxn,1,11048
GwvQHi,1,6887
tLkflV,1,8454
Z1Ef42,1,1725
iRNLi0,2,17870
MxE2Dj,1,5585
HmPYhK,1,4314
WiFduD,1,9691
xuzPqx,1,19301
ZOIzrr,1,6580
lwBwBY,1,10727
QWduek,1,16474
QuoAFC,1,15220
TI0bF0,1,3333
sHAN2p,1,5227
UwpqU3,1,13446
F4LaG0,1,12241
3kAjnU,1,16441
KY0gy3,1,18266
rf2XYu,1,11433
TEjqkk,1,6456
QxxEXL,1,7336
RcGgHz,1,6957
ZMOdkt,1,3237
aQbLeO,1,22369
eJHMtA,1,5568
mePCnw,1,12363
MOjCks,1,5192
PXCoDN,1,14889
FDOo0w,1,8148
gaOdOr,1,15529
jgQFzs,1,7209
RGs3wU,1,1901
xBERna,1,15783
vpHpmh,1,7169
wEFggY,1,9428
QTgwXR,1,4656
IHGAm3,1,2110
VkfLJg,1,7503
gzW1CK,1,9106
vVFK44,1,5786
RNCkeX,1,17226
kCeJzf,1,4306
faFT4X,1,5876
KnXo3k,1,10679
qLpVDW,1,5911
jaHCRG,2,12206
zuhWdl,1,8913
dcNIsj,1,4940
xOlvZu,1,6537
HpcNDO,1,13444
KkPIpZ,1,5130
rCGXuf,1,7263
NwnaI3,1,8362
BtdL0a,1,9728
bNGGQO,1,11385
Pa0xWH,1,4736
stOQHn,1,9141
sRPcNX,1,12225
EmS3ox,1,12251
TjFNdT,1,2927
XLQsCQ,1,6328
SZYUOe,1,3992
URSWsV,1,8233
nED4TV,1,5636
q33ycs,1,9953
PCeABC,1,12790
wdRv2N,1,15997
hQQMzV,1,8020
sCOtsv,1,5608
HUnKkF,1,4725
1g0lzZ,1,4858
rOpJE2,1,6696
WMVIo1,1,4080
yiErTP,1,3362
pDxvTc,1,6389
IwsVQS,2,56396
i1FeND,1,6029
nWxHsx,1,12476
dOsRvv,1,9697
hGNhCG,1,9198
wCm3wG,1,10603
LkuL3l,1,4308
LHcZr3,1,8581
bGebyY,1,7598
UVacgd,1,9348
rAEChc,1,5091
OEzYQG,1,4395
3Vjyui,1,6118
ClTbMr,1,6576
clpEYX,1,15405
oWBKrk,1,40368
nzEgZq,1,22134
1feyTw,1,8521
pOlVJP,1,26755
VfQzqd,1,4892
B3Qeks,1,4614
DodhFS,1,3436
RHxvdQ,1,7075
TKK1Mw,1,11040
nSuhqt,1,2638
Cei2Eg,1,8613
EtAOLT,1,3794
kkpoAU,1,9943
hdwVih,1,6969
MPxfEi,1,7392
0tpNsg,1,7894
mhVHVE,1,7364
zGYRoV,1,12053
X4mH3i,1,7382
dW33wn,2,33820
2Nnduy,1,9414
YUQSLA,1,8201
gcTSmZ,1,8115
BIPwS4,1,3006
Q4hG3K,1,7019
DvPnBl,1,7106
S1AnwT,2,24026
Whe0gd,1,8361
XzfJNO,1,9499
tydQS2,1,5653
sRrva2,1,3942
NAGTLj,1,2561
ANLcuA,1,3710
HhLIIJ,1,11398
blKMpm,1,9287
GxZjbE,1,17354
Q0qghr,1,11737
juncFg,1,13077
WeQr2U,1,10633
ggOOe0,1,3366
aPWWuo,1,5059
XEJgEN,1,6322
tgLxRm,1,10524
Mkh3mL,1,5100
1EJSip,1,10780
XS23Vt,1,6114
LTPjaR,1,6204
nusBIM,1,10103
ixlTUP,1,4479
evXxBc,1,26241
3A3ziX,1,15078
IjFjSC,1,6086
dsOr2r,1,1981
I3A04S,1,5350
E3Tszo,1,7219
ZKdNVz,1,3918
NXtfct,1,973
ucxNzl,1,6375
3gDC3n,1,9341
pkVNyZ,1,4053
tZbBol,1,1902
Ed0PN4,1,6505
QVuK2j,1,41135
lsu3oE,1,2406
jYqcy1,1,5355
KHiYvQ,1,3300
ddQIwq,1,15112
1csJaZ,1,18108
Meuhrz,1,10979
ZabwVf,1,4630
d1kphx,1,16462
NDUFAy,1,21518
qqHxnW,1,12612
shYWMW,1,11090
LZ1sgI,1,2423
gEobxh,1,2387
YZaFdd,1,9382
aGDKuj,1,8228
dRPhdr,1,7952
uvFPgj,1,8533
IZ4zUN,1,19330
oAGvZK,1,20700
trtv0P,1,5012
WqLfCx,1,10435
cgLyEk,1,5148
OZgkLm,1,6767
eePObX,3,34894
ItxLkU,1,20588
nNyTA4,2,31010
IzVaCd,1,14389
Gao10t,1,30831
uxaIB1,1,5364
S2JK34,1,12455
V4f01G,1,5088
jMDCMw,1,3816
NUIcSm,1,9924
LZwn30,1,3224
g10RwR,1,2603
0mu3Ip,1,5797
02PJEy,1,7496
cNJebX,1,14439
0wo0Dx,1,4187
IGlA4V,1,7825
KztHku,1,8762
IfaPWz,1,5891
oqcUAn,1,20892
knbfiY,1,3256
LEyxJ2,1,2990
bjHDga,1,4168
BBFiBO,1,27263
AjWgfU,1,8569
zo3OyI,1,12379
vIL3CK,1,10534
bRbQWj,1,12306
auScne,1,6309
CLrGuf,1,12901
NOrvk0,1,15201
EBgTBF,1,5133
skzzEn,1,7936
fjuGZi,1,11017
uXgJCb,1,20048
lxlmky,1,12591
WYq1XK,1,9887
X0PuEG,1,4397
jGFfXA,1,9106
f0UqNS,1,14050
SLnfIV,1,3555
DLHwxz,1,12239
1xuctO,1,7066
wwMVSm,1,12789
TVXGtf,1,21555
ajbjkE,2,30992
bC13fH,1,2437
NrZNpX,1,7710
DjXJkD,1,3288
ZAF4Pm,1,15180
G0MZjw,1,14043
VIRupj,1,7816
vUOlOU,1,5803
3hFWQH,1,4989
zymx2P,1,3958
sDo32a,1,4398
zVGTvO,1,19420
dRevXt,1,5698
VPWEVG,1,5138
QvMj41,1,5828
gSZSM4,1,6719
MR4bS3,1,3257
BSXTDL,1,6719
SioqY2,1,4332
IiFFLo,1,5478
VqnCos,1,4064
RxEQ2P,1,14641
jALGGO,1,13707
1OgRw3,2,16248
JLPgki,1,8579
1af1BN,1,5308
eXmx1w,1,5585
LwMQCQ,1,7791
lSIEBO,1,7272
zWqXEL,2,11703
1MYtmj,1,12465
VKzwvc,1,9886
MjZWTi,1,11518
OyCkKj,1,5627
EuMnnZ,1,5901
0hcXQO,1,7490
ENPRZR,1,4050
0JdNgQ,1,4310
msDjDN,1,10748
3XQ4qm,1,7342
3BGwBz,1,15393
KBjNnH,1,11544
TslW11,1,4217
Hnkzmj,1,8085
uIpHEu,1,2922
JRqzw0,1,4642
ULTrIe,2,33582
cLMvoQ,1,4245
cVG0eN,1,10694
pkpTqJ,2,16439
QZLNlc,1,7035
ahFGux,1,4548
ouZuXG,1,5688
ARJ4nZ,1,6688
vODmX1,1,7147
zZW1iC,1,11357
JNjDTH,1,6136
xyfCH4,1,6033
aDjSoF,1,9442
t0wbN0,1,10423
LcZjio,1,17032
XgwLfG,1,20922
iGGIgG,1,13262
LiyEj2,1,3057
TMtKFG,1,5814
1FJRQd,1,5567
faFwpR,1,7146
WFOVsb,1,7601
nYtyJt,1,3140
JaPDua,1,4749
bNphal,1,6674
Wxz4bV,1,25558
NBdMEf,1,5121
V3VOjH,1,7021
QPtgMV,1,6603
HJPfuf,1,15495
P2dwTM,1,8183
KM4nhz,1,15719
eTsEcl,1,5321
lWPsFj,1,7940
3k1dyc,1,6510
aJyis3,1,6695
hSpxZt,1,19092
OkNyof,1,8531
00pYVO,1,9886
IdtxqP,1,12886
koWCZi,1,4540
poNkk1,1,3446
ixebe4,1,6794
GIrs2F,1,5622
b3SPdb,1,11391
mkNHAb,1,8984
R4oLeV,1,5556
ofWlAT,1,5030
LjqJBu,1,5923
AjX2o4,1,4819
TZcTtq,1,9943
MSHhUI,1,2320
vLi1do,1,1675
2riGTZ,1,8217
ySBzqH,1,8234
N4hbtt,1,16121
3ZjLH0,1,3498
cndWe0,1,6595
DuUUfC,1,6765
ErKgRj,1,5748
psl3hu,1,4340
cRUCkm,1,11403
kPaJ0V,1,2972
LQehaf,1,21303
zOjOPC,1,4147
ZmBAQG,1,5414
mSbBKs,2,23793
P3Tjab,1,8448
RbSiAR,2,6033
RZ2T0P,1,6581
2CTDnQ,2,12242
nyGTRT,1,10224
wfCZDw,1,14450
jdGXF0,1,5254
y0xns4,1,10101
zwVmsu,1,12977
0MlRXg,1,9560
lmzcY1,1,8619
2ytQsn,1,4447
TKTyjJ,1,9071
Nv1GjK,1,30265
lohlpl,1,9732
jgGCKD,1,3143
a03DbR,1,7893
A3SUuJ,1,23726
iYSqqW,1,13984
Hz4zOp,1,5578
qR0kq1,1,5406
BDeYsH,2,14818
dX13LH,1,5732
wzHhPs,1,3368
zx3xGw,1,9130
XmqNNt,1,2754
QMaHJe,1,10332
12STjU,2,27603
ktrlFv,1,1673
mO0Pj3,1,7870
vAHUex,1,14288
GfyJVj,1,20804
heVAMv,1,13213
e4eHtk,1,6732
niROqT,1,6463
HCDnri,1,18096
HIrQp0,1,17406
FejCNh,1,14920
GaQVzH,1,10554
mb4so0,1,3809
CazgYJ,1,7257
SPyTSZ,1,8330
uiOMQb,1,13022
WvquSS,1,6212
Ua3Ofu,1,3455
JqTexz,1,7596
zDqZgG,1,3606
RK2Ru1,1,19518
PC0JFn,1,4649
lJnfwZ,1,11631
qEVnpY,1,4784
XOuhFy,1,11668
YpIluy,1,18519
lUyOib,1,12752
vExucA,1,13174
WThm3c,1,8592
udzGBf,1,1873
jNDZQM,1,4236
2ZWa1u,1,9569
hhEZLL,1,2435
BTsMKA,2,41529
TdqpUr,1,3493
GMUjkN,1,5936
JSwhtF,1,6544
elMknN,1,11970
osFpYS,1,6425
2ocuX4,1,5612
yRGHes,1,8066
YCWLaU,1,25071
3jnzTu,2,10760
QDkrC3,1,9867
SSsjox,1,4959
VQ0bWU,1,4573
bvfxEW,1,6098
jddBNk,1,6710
Layuam,1,6088
2AJbeR,1,12391
pTCcT3,1,17372
GSWouo,1,8433
XFC1W3,1,18223
1RiTSu,1,9524
UBAxHM,1,12251
ZFvDEx,1,18514
U2iR21,1,6841
dTbIuv,1,2258
oUilPh,1,9719
IUl1vz,2,14212
TrMsBl,1,4801
OFCaom,1,6284
idjppe,1,1829
cRj12R,1,3429
R4RRbq,1,11062
HiKtsS,1,10135
NUTqsB,1,8721
yTGvlt,1,8018
DCXdSe,2,40189
qylhph,1,9153
JN0dII,1,22478
rLHrPF,1,11174
Xcestg,1,5752
c2fIrR,1,4294
EmSjXN,1,9225
GyYefZ,2,27830
pbHDsx,1,7248
2iAgny,1,5395
40xbFv,1,9975
vnHsCW,1,11345
FxalaV,1,5021
hVNzSX,1,10030
Zn1pUt,1,6903
RuhHBc,1,4000
WtZglb,1,13346
puvJRo,1,7596
boDm2J,2,20603
FqhnCJ,1,6743
osTrp3,1,4846
n20zPY,1,3270
DbJZ0J,1,7563
wiaPuy,1,3553
EvF4n3,1,4861
31Bc4n,1,3665
WxeaRW,1,8054
MXQCM1,1,4693
ihmmsW,1,15528
zFKLwm,1,11431
IOuRlZ,1,9153
GwprEJ,1,11335
cxTytV,1,13918
KpxmhV,1,3852
0vKxET,1,21377
thgRiY,1,988
WggXd4,1,10389
gAcznV,1,8316
K3qD1R,2,45213
Ck2Zzl,1,6753
t2aXtY,1,7318
3UKyg0,1,3945
NkPXjB,1,15287
bbWWYG,1,5095
0N2cCv,1,3697
FVaibQ,1,9866
SIoAcr,1,12414
HFDB3l,1,5051
PFkdCm,1,12868
nPsk2i,1,2454
ylmFrs,1,5473
hbUnQf,1,1448
wea4TR,1,10728
b3BLev,1,5593
jnnxKo,1,4931
dRdaF4,1,35572
QfPEAY,1,5711
1qJupI,1,5872
DJgZzw,1,9308
pDknjE,1,4494
TfG4sf,1,16004
mXWuv0,1,7764
HMDjlF,1,7737
aX2lw4,1,8650
YgjC0k,1,12529
ziZwFh,1,13029
SSVJpL,1,7208
x0mqNd,1,4901
BYbqOM,2,39217
vpNggJ,1,8558
qMJgyc,1,3594
LdJjzz,1,11868
ECIPBf,1,17936
QCvkmU,1,7690
QNVDPo,1,8150
b2YKoq,1,8662
C0GtaF,1,10380
1l01QB,1,17837
IyGOsv,1,12386
4DCp2A,1,4104
uIOZGS,2,14315
UTmjcf,1,6065
3KXONx,1,9418
psp0iO,1,6937
xRgXWZ,1,4330
jyIRC1,1,6231
cY1FcB,1,2907
BZTqdg,1,5798
zvUGzl,1,8972
i4YeTI,1,8710
pqJzeW,1,13927
eKPBqe,1,3069
DjlWoy,1,13144
BTpbCz,1,12517
gnlqUz,1,9026
NG4ewC,1,5733
p24ASV,2,36954
Gw04Wx,1,5092
xDcy4k,1,13420
PGWMQp,1,15138
Xnxg3C,1,2423
X0ODkf,1,9658
m2eAyh,1,2778
LQFjmw,1,10045
nOzERM,1,7397
zoxvnU,1,13264
zEXaLb,1,4356
rFMSKo,1,10110
rkwuWu,1,11922
tTzRXY,1,11244
Br4fXB,1,2480
kKzmQv,1,6963
IyuKyK,1,7806
SuNiWp,1,4049
GhHPcN,2,15001
EtBlGT,1,6957
i4OTGo,1,15750
4cfYUa,1,13679
CV1th2,2,21425
OqLgw0,1,5195
VcjASK,1,5256
0JYRyn,1,3600
haUxdE,1,10307
qNLiPz,1,18181
MbzMfg,1,4647
LLjmTf,1,8114
boxiif,1,11132
hpwXCC,1,11425
EWZzyt,1,9309
qkK3jf,1,11602
bULanh,1,11231
noxbW3,1,6655
kXXKZf,1,6267
nQVEvG,1,9030
dKxeDp,1,6590
CorfHd,1,10375
CSEaMN,1,5719
urODEp,1,14069
lCueg2,1,8057
xXirtt,1,15935
NwKeZw,1,16955
fCYAmV,1,6307
NSsHKy,1,9224
rBdGQF,1,7448
1i4fHm,1,6362
e0Div4,1,4395
xOj2cC,1,3953
qf4mqI,1,7680
yzDt3X,2,24770
JVNkgo,1,7163
gekKbP,1,20269
lkTJkg,1,9752
jNMvzx,1,5964
MRKqHl,1,5882
fEXlXR,1,5329
NTuJtT,1,14835
PFRNpL,1,6307
kmBDIp,1,9523
Sbv43B,1,6184
1dJJX4,1,10462
3pTEAG,1,7324
2frbxk,1,9649
nlnXGl,1,10095
CZv4VY,2,17242
MacPoc,1,8555
DVrkwz,1,9838
sNInMH,1,4428
cgiVtm,1,8843
kgtn4U,1,5819
0WaTGa,1,9938
CPyUYD,1,16116
rkiUEV,1,6112
n1RcVZ,1,10106
vKUWGL,1,2992
CJafIw,1,3538
LeNuBy,1,4242
ifDTxS,1,7262
CqROHX,2,15760
zTJu2b,1,15241
bLJjlx,1,6257
qAZWPq,1,3188
XdRveV,1,6122
afRnMK,1,11816
Telvfy,1,12425
oOAXEZ,1,15653
KPsFKL,1,20925
lr3EJi,1,9192
w4bZy1,1,2727
GgFKf4,1,8858
Ntwwdg,1,4595
e2FdBT,1,6372
o3AouK,1,7158
jOeCZR,2,22439
zUQxJC,1,6959
RsDVtl,1,4405
XgBzFH,1,5241
tvDiBg,1,6737
vhSW4S,1,23206
2IstXB,1,2952
MzcwQS,1,13361
ZhdVrT,1,13101
qHz0hE,1,2564
f2Bibp,1,10958
HHG2CR,1,5714
bEegoV,1,6182
RrA4KR,1,7355
dpxjZf,1,11141
ttyLlY,1,18680
qzjClj,1,4467
f2fysc,1,4346
RUPeGF,1,3590
EQ3mMA,1,4514
lVLibK,1,4656
tHBqDU,1,10951
vGWGiH,1,4922
Lg04xE,1,7462
CPsUu2,1,4161
rTDK4L,1,19037
2XTPV0,1,4784
xIQVgH,1,5859
ZLwqPm,1,6912
IRmCBO,1,5605
boducs,1,3676
oKtDFe,1,6185
kBqSBz,1,7105
4XPmXu,1,8670
dlsoDp,1,4129
XkydJI,1,2272
HyrsR1,1,4384
foxMg1,2,19612
EXd0ba,1,13475
p4yndj,1,15402
MKEX4Z,1,6431
jSKotj,1,6148
BfdDbC,1,6848
q3Nydb,1,12079
xNusDU,1,5454
bzdYon,1,43352
3Y0QOO,1,3258
nUQOzY,1,2795
iD1Nrn,1,1612
BhUxuP,1,4103
z2bHOZ,1,4906
yGi4fE,1,12849
RsIwbE,1,8365
bEPwrd,1,11368
lbjJHc,1,10472
CJ2rfL,1,7470
0Rhsfq,1,10776
hQYTdZ,1,3470
WJPkO0,1,10478
3GIWBx,2,30652
sPgArY,1,8298
tmdFkg,1,3497
ViXi1S,1,8839
iRF4Ua,1,8764
AJFbCk,1,17433
2lCoQn,1,4982
cUoGHY,1,6886
LkupD0,1,4722
I4cUuP,1,5028
QqlMMd,1,2752
qRxQ1u,1,3531
hJWidF,1,14999
cTGGst,1,7313
s4bHVo,1,9191
z4yhb0,2,15790
VFOvLb,1,10487
4ZXcHS,1,7076
YlXduh,1,7585
arBhg2,1,15995
MhKkHV,1,7609
qxz2Kw,1,6425
mTQoOs,1,8085
RTfPrz,1,7142
0fwcet,2,12371
InJVQG,1,11046
ah13dq,2,14907
IXNwya,1,5772
E3XBdK,1,14224
SN0P0c,2,17006
BCeEvC,1,4166
WeHqOe,1,12498
SsLYIN,1,4991
PDMENU,1,12982
FKdUNA,1,4564
yXTYWS,1,5259
njB3RO,1,10210
hTfAEh,1,4336
nzFHqm,1,17978
AMCAyY,1,5749
cUaibm,1,8659
bUoYPP,1,13014
hvSOFk,1,9043
1o0WPT,1,4669
ALtFWJ,1,13534
1pEnnW,1,4631
qSwJkC,1,12788
Nvx1Sh,1,9877
y2QsrO,1,7658
rqKjGq,1,14624
pvBO0P,1,4780
cQahCd,1,3265
mrbWAp,1,17776
F3mQbl,1,6837
nZTJIZ,1,6950
4rmGOu,1,7564
oqSPoW,1,4972
eO1S10,1,17221
E1Xxck,1,4508
1pedQe,1,13159
DGBmVP,1,4450
RT2GDD,1,4597
lWSYfB,1,6016
ThhRwp,1,4099
OjxJeY,1,9568
XErq19,1,11062
Ikvdhj,1,19834
qmptod,1,14650
DeXS3Z,1,9385
mtEdgd,1,5263
dkriGq,1,21644
Halgst,1,5483
wIyfaE,1,8826
YJijav,1,10347
LvGeAE,1,10951
OZq4KA,1,11116
uorTZG,1,33681
uYLgqf,2,13583
eyclqW,1,10722
1uySUr,1,11433
Qdzwn1,1,4023
n1M1ej,1,10895
NlOwVJ,1,10956
IPTOpY,1,4037
VwxWzQ,1,11041
mrcFuJ,1,5731
vxbpzN,1,4835
JrJ4oI,1,12900
yMtobH,2,27917
eybdFe,1,8547
3ALjpi,1,7889
YIeCgt,1,4430
QcRbJe,1,9760
0BEx2P,2,19982
MSYMYy,1,6594
XZHcXb,1,13278
WauzYW,2,16123
4wfNiX,1,8681
lpJmVY,1,10883
0LxmUQ,1,14262
LuCxJp,1,3559
QKXsfM,1,5182
paXKbN,1,2036
gJHQLI,1,2876
ajiTOk,1,2301
rJdTc4,1,9442
PJLrra,1,4573
DKi12r,1,4698
mJB3uT,1,1712
RcqvrP,1,20817
JND1ac,2,11648
UkySTS,1,11191
H2YVPc,1,9656
xNjkpu,1,12203
sqBIW1,1,12592
BYRffJ,1,8193
DdqzUS,1,16355
1NmZyu,2,14512
cp0NMF,1,8281
C3e0Mt,1,14789
0fzgwD,1,7950
BWOWHC,2,9496
ZZYKbI,1,7755
AqxX2b,1,5658
Ug0ANO,1,8223
TECQa4,1,6816
4AvkLd,1,2457
FbYDup,1,22695
slsDjb,1,10497
Uz4CU1,1,6289
IYmMtp,1,16893
TqxVtc,1,13979
aZnvFP,1,15624
a3DRng,1,14114
Qz0kqZ,1,3747
tcMaGq,1,6560
KqgtXC,1,21723
AVen4t,1,5097
hVhORO,1,4602
k1Pagb,1,5287
XnvKri,1,8329
rH4i4c,1,12435
hsMPds,1,16327
fwJifV,1,2803
UlnwUn,1,15923
IFSrRv,1,9339
Ywjeap,1,5172
qSpIwF,1,3059
GYNVia,1,27316
qxEsrK,2,27440
PhCfeH,1,12514
pxDKm0,1,4711
0aVxpS,2,6549
kgJxy4,1,5204
obTn3I,1,3699
hyYrXf,1,10700
i1rqN1,1,8997
GgoxnG,1,6568
vlSbZK,1,9665
XzLOxl,1,4337
IVpRge,1,7645
GtEzQO,1,7399
urbeWc,1,10179
s0OcnL,1,4802
dDn4Gj,1,17023
iaNGwA,1,15315
ByeIwT,1,8365
qwSaBi,1,8179
haTXZl,2,16824
QQGhcr,1,6666
BOJdzH,1,2566
BlcXDc,1,6863
VfWHRL,1,13200
dcwkdG,1,5318
OSA3Ps,1,4564
cOJkpU,1,7556
Jnh0AO,2,12501
fviET3,1,4213
TPSDNZ,3,33253
iAILZR,1,22192
Z0QvKO,1,7027
X3vkzu,1,4316
gPosG1,1,6713
MzwZLm,1,5077
yTY2SF,1,8871
BENkMq,1,5527
eIJLnf,1,12859
bYSUKB,1,4990
bUIZMB,1,6098
AfpSDE,1,6426
yJ13rf,2,19684
aQg3Dh,1,9504
Qz0nRi,3,76780
oQxl2W,1,6447
UpNqin,1,7631
NtlxXr,1,10391
bzgKmt,1,10724
NJXDpv,1,16377
cPYDHp,1,10291
E4CcQ2,1,5536
bpu2gN,1,13807
rPGBrw,1,5757
SmyJRu,1,7299
NeXOy0,1,12080
GwyNnm,1,15215
eLu0tm,1,5605
DS3zMR,1,10489
cjPrfl,1,12869
ID2SRN,1,5557
pUbUtY,1,5606
vYAdgt,1,3924
kkYEXq,1,9422
cOGHMr,1,13940
Fcd4Nb,1,6539
oRRtBS,1,3723
RSdS2r,1,11144
whGoeq,1,2275
rKPfX0,1,5398
AA0swW,1,6295
Fd0Piz,1,6531
LPqLil,2,19325
cJVAuy,1,13828
VRlMsU,1,20875
KfSWcj,1,9028
XxDO4V,1,7780
cbmOml,1,12757
KTDEZd,1,27569
FnejyR,2,28665
uXaMXT,1,9568
sDNdFy,1,7282
eBQnf3,1,7673
ZNliqU,1,5125
YVupsa,1,6661
dHitMY,1,4887
fcpvmV,2,18206
W1ob1h,1,6346
tHjxKI,1,6952
etiCUZ,1,7078
OdrZKD,1,1702
dn1N1z,1,11002
uCNdwL,1,2761
yBXxDY,2,20141
wO03zu,1,2287
HkrXFY,1,15651
LiBjOB,1,12104
gs1a2E,1,10452
XrlQur,1,4491
3iVuFl,1,14257
dQpqYQ,1,3200
cdmRII,1,7540
xDfyKo,1,5076
PTmrLX,1,16632
T4dhPy,1,4867
ic4rLg,1,12553
H4XLGD,1,8488
4UutQE,1,16615
4BrOwv,1,7461
MpJMci,1,10842
lMTBmO,1,5172
3tXdCb,1,6434
O3z0uQ,1,6769
kkW4vN,1,6485
uUfXGI,1,9352
EPdRzn,1,4368
DeSI1X,1,9310
34weAw,1,2575
qxztgn,1,4137
AHugw4,1,3896
ljfi0p,1,3213
OqxK1m,1,15263
xDwcUv,1,7731
rSkFZU,1,7602
Ga3SUY,1,2363
FEzCbY,1,9842
mGRWqb,2,16729
HzoD0h,1,2826
VRIyds,1,4870
GIHngt,1,9689
sU0tbW,1,7762
rintBj,1,7664
RxxEgh,1,6740
43HpOI,1,9949
GXgLcQ,1,18782
bnyfnC,1,4890
ltlBBZ,1,11475
VZNd1e,1,6431
iGbF1O,1,6259
mWUSqH,1,15541
LrdX3f,1,19937
ANM0C0,1,7453
DjScxp,1,6626
Ca3hAr,1,5816
BYXtms,1,5722
IbQPtr,1,5068
Mw1B0p,1,6502
LTxOk1,1,4426
sHPfNM,1,3637
JIvxia,1,4183
fGlBhk,1,3491
24DTDa,1,5283
ln4tVN,1,11028
FMyfoR,1,15619
spEYTZ,1,8736
YKFGK4,1,14446
lugPjJ,1,12310
44w3cp,1,14854
YKABp0,1,16026
fiXipx,1,12772
Y2x1Fu,1,4326
zoBwjp,1,3396
RW0gF1,1,6800
CQTMRP,1,5178
LyagxR,1,4411
qXlv3q,1,10907
4dydym,1,9489
MXJHDO,1,4281
hMOhs1,1,13615
0xESzr,1,4725
rfuxoF,1,6631
a3fbCf,1,6934
yq2GSr,1,2899
4jBzCN,1,27659
brGWvs,1,5289
GqHMCL,1,3919
GbkHvW,1,5572
WXI0k4,1,8147
WeHRKX,1,13640
VCdUZn,1,5187
DQRDmy,1,32480
GOn0Me,1,5648
ZH4fEz,1,14702
oAcvSi,1,30067
Roth0C,1,36015
amwXRm,1,13518
0gvIyh,1,7381
UK42fm,1,9852
jPK4pv,1,6950
LHYsgw,1,14958
fJlIbh,1,4828
gfuBif,1,21367
I1CEww,1,6785
VtQzco,1,6406
LvvuEU,1,7771
YY4RNL,1,3545
aKizEV,1,2429
O2eyFa,1,4218
1oF00K,1,9707
LcPKy3,1,14991
1pj1sg,1,4279
iyLww4,1,10419
xxQuTe,1,3837
DkbXml,1,8344
eYAzcO,2,7344
KFnpde,2,28025
mrgrrs,1,8947
twoPOA,1,10253
uyzIcv,1,4683
t0hVuT,1,21687
p4qjYO,1,8292
RNYIWq,1,4107
cIeCVV,1,14763
v4BHsx,1,5798
erCOtH,1,12730
2yaEC2,1,7683
KDyuPK,1,15044
ORQiPu,1,12301
YImQZ1,1,5869
JxiSpv,1,22581
dCs2yS,1,16173
1q2VUK,1,3767
1CIzjH,1,13093
3BsqTU,1,5754
zcifin,1,11362
giKhYC,1,21500
Ib1yse,1,11364
TlFRNA,2,9673
QRpIz2,1,6474
rijx1x,1,4172
RPqqcB,1,13303
Jlojub,1,6690
p0mRsz,1,5106
eAXtSj,1,3489
rd4WLE,1,12059
QdtHgb,2,35934
wXKYxN,1,10277
fDcIgv,1,9798
eLxX3y,1,1737
NenDUq,1,2556
rLFB0o,1,4230
Dnr30v,1,3965
uCkVmf,2,27331
tmNitk,1,17349
EepqDV,1,12076
kwdZvE,1,6357
NMcesN,1,8138
le0txy,1,10736
DQzcGG,1,18266
oSeWTy,1,4782
wwtbrN,1,4536
wUA3bL,1,4588
fI0A1e,1,9425
YleNaW,1,9359
JaL1Uh,1,7944
BfEeLm,1,7681
PYKDAq,1,6221
lClqo2,1,6565
MaCUUL,1,3927
pwvaov,1,4315
LwEzzD,1,4266
sddHKY,1,3273
uuZhOd,1,7026
OqkSKM,2,47449
hK2cFd,1,2881
U2GDkN,1,7135
HfiMvA,1,2985
j02GJY,1,10864
ugQHJh,1,3552
GkAgjT,1,8024
aOwrtJ,1,8866
Km3NsX,1,26698
tFFiaX,1,3118
jnKiHJ,1,12441
wY1rWS,1,5708
kJLthl,1,6824
spEmtP,1,10006
rusiL3,2,28362
4ep4uW,1,8644
ripuRD,1,4850
ZsPJ4k,1,4273
WiiQUo,1,3698
SsBj4l,1,4660
2LOq1I,1,36236
FO4YiH,2,4354
2ByseW,1,4741
QJmt3N,2,23939
buJMpK,1,4778
0NjiiJ,1,15011
Rz24km,1,3197
zCQPRi,1,12065
YZxnT2,1,5243
JfIBjm,1,8401
pbOLgj,2,5264
xvShUC,1,2924
oThORD,1,7605
crCIHs,1,10569
BmnKrC,1,7535
quprDg,1,11396
FHzRKS,1,11308
rG4pry,1,9481
QWJj3Y,1,7817
aqFzHl,1,6142
knvQf2,1,17675
RNWPEI,1,4385
ZQfMhS,1,9862
cXwCuc,1,13048
AgLqtw,2,13068
RRnMTI,1,11775
sQa3gs,1,17377
gIndwt,1,5365
sfHCtq,1,1799
nHGhng,1,6004
n0EKG0,1,2573
psGJns,1,10000
ufb3qb,2,32637
rgWabQ,1,1265
wkE4hf,1,14285
oKe4MA,1,9371
CyJydx,1,4475
OLFVnI,1,16003
1b2rQU,1,10652
e0jvnh,1,22367
bIvnya,1,14053
HyYzNX,1,11158
JxFPGJ,1,4717
XYdhLA,1,12845
WHb2iO,1,6195
wC4Otk,1,6054
qd4BdA,2,11485
NVtqtn,1,12545
vUFwWZ,1,3747
spFLM9,1,11315
PYZeMx,1,4065
aL2Pew,1,12759
vwfMsn,1,6838
SVzt3p,1,8086
NUuWCM,1,5003
0AmaSE,2,48983
xJZHVi,1,6327
D4p0eG,1,4293
hbBhZ3,1,10513
kzAsOY,1,3977
lDd1jb,1,5824
XtvxEs,1,8299
eVLhiR,1,3254
VvujfU,1,6947
Wjmv1N,1,10964
dcuQqZ,1,8204
FZBetz,1,12970
ZoVHXf,1,26784
pzAHaX,1,18449
1Tx4zV,1,2457
YbBJlv,1,10818
tFINBD,1,5500
pnQLwU,1,10986
4XtIlX,1,3075
aNpjIA,1,8556
YZpoaS,1,21777
aEovuf,1,4863
w3qOnk,1,11303
eiZxvg,1,4083
kzS4Tb,1,12993
xhWeqj,1,6706
AVZKnk,1,3432
hVlRVG,1,8073
pjjBS3,1,6622
cd1d1i,1,2248
4lnGVT,1,12172
1SMbmH,1,8113
PZInDR,1,7123
Pxe2JR,1,10313
SoiCZr,1,21337
0OZvsN,1,3677
yKfndH,1,9498
NPa11E,1,43089
vbXJlQ,1,10470
G2Y2MV,1,8574
lJVD3a,1,4826
wxNSzW,2,50738
SWqvAh,1,8098
MMrHne,1,2976
uIL30r,1,10935
dVliK1,1,5598
SWPBkE,1,11850
L3t4uW,1,3658
tjTcro,1,5103
WftHtD,1,10471
HHkBwx,2,11079
OGmqMS,1,8005
BrwJjd,1,6139
PZwgNl,1,6085
t3TLn2,1,9583
TUS0rO,1,4227
qNmTDN,2,13472
VWAwEX,1,4358
sKCEtV,1,11941
qqPMYR,1,11815
bll3zN,1,12316
UE1ZuR,1,7056
hWWiEz,1,3527
watVOQ,1,4040
NORQQX,1,3858
ivn4MV,1,8414
GksrHY,1,8256
mLKTKq,1,3627
z2gitL,2,18338
j1fAOD,1,3905
OojEg1,1,5121
MBUeOG,2,30239
kmFCgQ,1,5759
Hr2Qe0,1,6143
T0mNmN,1,3403
QpF2aN,1,12470
zrG0bN,1,8328
oJAZfp,1,5483
pfP0jF,2,24047
S0lhit,1,5753
tmkUwU,1,27110
nBteD2,1,7257
yYxApU,1,7336
be0eRD,1,19873
y4aZcr,1,12614
mzIdac,1,5100
4iEzEz,1,6569
HSOGIw,1,5511
syPTze,1,7161
Ogz4sp,1,5491
hnCsqu,2,23002
dytTr3,1,5787
XwpcdX,1,14701
RhdNlk,2,29907
eugYxj,1,4332
hMGgtY,1,4724
QImWZJ,1,15419
KyQwvp,1,5928
tmS0El,1,11208
kq0E0k,1,4491
nK0vSg,1,5265
hsrkcK,1,7786
tRdyu0,1,6915
JTlAOl,1,4853
XYGl4v,1,11211
udhuAj,1,5706
UHy12j,1,10467
ERsSUc,1,19066
YisXHo,1,7955
oc0WQB,1,4954
M3qniQ,1,15478
ysuwXr,1,7193
J0NieH,1,14961
GDLbQf,3,38706
XFLawd,1,13982
lvDMiX,1,4842
4rogrB,1,3788
3nHgrb,1,13200
kIecQJ,1,11839
ba1NTh,1,4526
LvwrKv,2,6761
SrNxwk,1,28067
bGVvTR,1,10014
WniEWd,1,5758
OobttF,1,19403
hvEo4n,1,2536
muDEdh,1,6791
Hyv4gu,1,4309
gItJLr,1,7433
StHycW,2,18597
scS3qM,1,15166
xKLgOV,1,9755
KbFYd0,1,8164
ExJrUd,1,12132
r0WLdE,1,3158
CoZSoS,1,12383
pFEanb,1,9689
fVOBdt,2,20914
BvKi3H,1,5918
WmXwcW,1,5943
klpfaP,1,2429
OPo1zC,1,5255
SGTFAO,1,10796
a0nrsk,1,8494
Uqft2Z,1,8055
HM2KXX,1,8290
YeDlfS,1,12238
crfXGz,1,8116
4kemvp,1,11888
wHvApz,1,4791
YFkAEf,1,6739
N0DydT,1,5461
HQVBa0,1,1973
XpbQgF,1,11197
EWVyij,1,13858
xQwYhk,1,8520
SWyhyk,1,14883
Z1bIyu,1,9814
Azs4qY,2,16227
jNmLXo,1,7128
HSianp,1,5083
oTXyFe,1,13212
C4acwX,1,9857
hbMDCy,1,4490
xLANkW,1,6946
g4ueGX,1,5120
oTUJAP,1,8938
XslHXU,1,3614
bLBPvL,1,2966
a4RApJ,1,4400
SL4jVx,1,21258
20GMYg,1,8925
CcswCL,1,27594
zqUnQa,1,7832
vukSAe,1,4106
0ww2wN,1,11433
iANTCi,1,7854
H0jjWb,1,5177
2HLYOP,1,11717
JbtJGa,1,11274
LpxgNW,1,9450
mXgmzJ,1,6163
Az3BTM,1,7772
TcmYL2,1,5160
X0c4fk,1,10882
CO2aZu,1,14087
0OoD2u,1,4375
FLIbhA,1,6153
NSJNOq,1,7199
oE3QCX,1,4521
Dqdcen,1,3731
FqxiZ3,1,15813
wCGzrT,1,8615
wzdPqh,1,6999
RtpXxd,2,10924
ipe4VS,1,7508
YYocdW,1,18445
loZDko,1,8160
H2hjZA,1,31343
CGRa23,2,30361
frOj1d,1,14148
QXqsdL,1,5692
ntSdQi,1,5653
djAcdJ,1,5884
3fmjTF,1,8648
HiDxPA,1,7510
tZWNSl,1,6230
eGM3ng,1,7217
d4QrXq,1,22512
40nQtz,1,4654
b2LuQF,1,5854
pqgPMN,1,8740
Lj3ASI,1,12462
txojCO,1,6633
XFzDlT,1,6093
LhxHz3,1,3578
2h044E,1,7202
EeKLSc,1,18355
ssEACo,1,4293
SIPVCK,1,3544
JNZROn,1,3676
4w3A0O,1,7455
EuPUP1,1,3091
oalQqU,1,9512
l2VtcR,1,5883
huIvnA,1,7457
atNE4l,1,5680
TupRdM,1,15935
QuLqje,1,4898
eedgUE,1,5486
EwyGc4,1,9879
LcR22k,1,2161
bB1POB,1,7988
keKxp3,1,15525
PkTVDT,1,4501
hUDZsC,1,19026
HhvaCt,1,6958
tfZKT3,1,3444
phE3eu,1,10199
guIkRM,1,8559
3oTGNh,3,17660
ztEMMP,1,11655
KETMVx,2,16389
mNNfZh,2,6252
iQlNXC,1,8000
MAcvY1,1,22386
BIWGoA,1,4719
cbpjUP,1,5760
0SFFlO,1,5661
KEfXB2,1,9409
lOsYii,1,15013
WovJWV,1,7239
kEVDXh,1,4657
04t22l,1,13689
tlDVbC,1,9631
zpGBpD,1,14452
uszsKM,1,4367
lsycHM,1,4354
iiipu3,1,19165
zTlTAY,1,3291
1xDmpc,1,4718
EjHCBr,1,9245
tH0EeT,1,9032
WRNZxT,1,9971
pEJcHP,1,11393
zNEjfI,1,9480
fwWFVr,1,22698
GYNQWy,1,12338
NoZFke,1,11470
KYvlUW,1,12003
OTJYeS,1,12128
ycaTiQ,1,3264
aklGUT,1,19696
XRD4YH,1,8630
NbmrFb,1,10442
z2KmDn,1,11092
tPYSHH,1,13999
OhSlPt,1,1860
KSfcHR,1,5950
Vn2ngs,1,3435
hVYpyh,2,40013
FEzEqj,1,11913
DnJKFM,1,7640
uDcC30,1,6066
gv0iJd,1,8765
CAxYnZ,1,6953
UqjnOJ,1,4666
RpVud4,1,3677
yA1oln,1,9760
iCIvdd,1,18457
YhsPk0,1,5480
tawot0,1,7089
xpT2yh,1,3734
zcqbIu,1,6472
iOgCwO,1,3814
QBLjmc,1,3800
ouu2gg,1,5412
jYgBWz,1,7613
FigKWU,1,10365
IBZFfW,1,7253
MTW03J,1,12830
YeZASg,1,15885
RYKOpa,1,7388
JOMmu3,1,8093
Po22Wo,2,22230
BisbNw,2,26059
pNdoPB,1,7748
pVqAef,1,4271
brPUJs,1,6078
ezq2ng,1,10363
y41nnG,1,5610
TUDzxf,1,6038
pDhC4d,1,7550
eJGabP,1,23624
nRI4ip,1,6278
jz1Zy2,1,12568
ZwntHU,1,15077
XvDIwZ,1,7628
tFiYkD,1,7259
XjCgno,1,4469
dLfnmb,2,29164
pevuvO,1,3995
LfJysy,1,13967
mrYZWL,1,2769
BFZTlU,1,10021
uV23c1,1,7113
RlZSjF,2,33091
PAvu3y,1,19689
JyoO0h,1,14234
EQmVFc,1,12400
Jdsr0a,1,11096
2UZEAz,1,8282
wneR4r,1,6949
wlC2xz,1,6873
mofV30,1,8041
plYybQ,1,12288
dlgCYa,1,14545
V3wBWF,1,12437
krJwQT,1,8241
rjQBqQ,1,9857
xgzcdA,1,7960
lciyID,1,6446
dFgTzd,1,8717
sb2ww0,1,22030
Kk0UtL,1,5592
wDbAjL,1,6524
XGh4UE,1,5481
GmNsjN,1,4899
UJfMkm,1,6721
XigxbR,1,12864
ltboO2,1,2930
AjFHbI,1,3638
pq3PyX,1,7321
ROVIph,1,9647
lbetmd,1,5214
dlyKlQ,1,4606
AGEZyd,1,2214
1yVGyC,1,7237
EjdXTv,1,11449
OuNunh,1,2432
xLkcEL,1,5213
uUmdMe,1,6026
GlVuBq,1,3319
IBAmVv,1,11100
2T3sfZ,1,10187
ExBzFi,1,13279
s4NEMt,1,6921
ejAkzL,1,6051
4sRbqD,1,7467
NPGpVF,1,5714
FlfpWI,2,19005
PHwYMN,1,5176
nvKlRY,1,6276
XI4VlI,1,19336
jhzB3e,1,2095
PCLRKr,1,4021
y2BfDT,1,10218
pg4cXq,1,7744
2t2krp,1,8189
sPYjO1,1,14180
XOCwVl,1,3029
AfO3Tm,1,4913
kHUpxC,1,2955
ejUFvq,1,17701
PfpNBA,1,7611
dS0FJk,1,5323
a2MpIN,2,14745
QENKL0,1,3775
gGh3Ru,1,13731
4uxJn3,1,3648
bEAKT0,1,12715
jauCbq,1,10765
m2YBIB,1,4254
DC22Nj,1,12059
ZBgcj2,1,5430
qRMdH3,1,10755
sYWgAs,1,25630
GfQ04m,1,17574
BIhT2i,1,5629
MwbIsM,1,13344
QgrZBb,1,5428
acAEHb,1,6750
RP4JLi,1,6608
vquhwG,1,18585
0F2YDl,1,10870
isA2WO,1,9722
XVchQT,1,9479
4ZSaIb,1,16823
YNqYDe,1,9033
0XGRZT,1,4427
rkZJey,1,5980
aPzhaX,1,10962
WTqXGg,1,5698
hhvrOR,1,9744
vYsgmN,1,4916
RddtIW,1,8248
kDVon3,1,4261
VRZFDj,1,6419
GKYkdv,1,4614
hczUHV,1,14395
P4f3fq,1,15143
ZdKMIR,1,10431
iupWgH,1,6853
SG1CBk,1,21726
YpyvuJ,1,5442
srZcGO,1,3175
GfoSiR,1,8368
1DNUye,1,5831
jeFFrn,1,9815
cKTAKc,1,3177
44ZYDD,1,2877
b3ynSs,2,8624
XnzMUA,1,8144
hHNyUI,1,6288
nYlojH,2,14058
VZJNrS,1,4375
PvPhRf,1,4497
1NiFfZ,1,5925
P2nIf2,1,5200
JsVSvJ,1,4488
3QMEog,1,21487
RIbQVG,1,40051
bp2RYh,1,8362
JkBfnY,1,13025
LqEkkT,1,10805
qjjjZd,1,4718
JWJATS,1,7257
u0Hjxw,2,20864
WyBiDU,1,2969
lBO0Vi,1,6396
shtwac,1,16171
sSgs0k,1,9279
vTZUfz,1,8149
Yycghc,1,30739
bDsEGu,1,10147
ItM1Tn,1,8998
n33O1C,1,5001
3ajKit,1,4399
TzcGex,1,29184
WPcZXs,1,13269
Sm4SXB,1,1926
oFCgTh,1,8669
hUNOmV,1,7382
FPSFSC,1,16990
KPCLh4,1,12471
h0eQRd,1,14722
GSpsKu,1,6224
4zINEB,1,10837
mUtRou,2,7464
zknEgJ,1,8593
orxNPa,1,14717
axMK2L,1,2935
AerG3z,1,12909
lxlx3H,2,14420
EYDZAj,1,2261
rdSvyM,1,6703
MVm3mW,1,15519
AhIvSh,1,6939
NldDEI,2,17176
XSdzAu,1,2875
ibES0I,1,3985
vGhGNN,1,3670
fPdAKU,1,4621
Trtuyr,1,3604
WraO4C,1,11194
Qohuwk,1,7439
W0wZDl,1,5284
fLXWtA,1,11275
JtfdIS,1,6138
PRqklt,1,7384
EjGvhL,1,3440
CyGVY0,1,7027
ZWNW3x,1,3757
mRNnUP,1,6064
SsbbKB,1,7833
QFHMsP,1,7637
nzUdLn,1,10122
YDsLju,1,3114
Iox4sj,1,16199
3lw0NP,1,14427
vioakx,1,6060
v4LcII,1,2835
xgNVBZ,1,19138
xbrqjx,1,9624
kQhJgb,1,6405
DjpdPJ,1,17045
VJ4HMT,2,20811
KQgF1s,1,9585
dooZZd,1,15738
i1v2iR,1,5242
OCzqxb,1,5046
PdFexS,1,2991
CDeRta,1,3720
y00fZt,1,2197
YqpU33,1,8274
vK2Cjy,1,17700
ThoXWp,1,10736
pvglEN,1,6997
PiEmhi,1,8710
230UaV,1,9772
wwIApn,1,10078
QDxQyd,1,22556
rom3C4,1,3527
SdUiWs,1,2679
haRi0I,1,15238
UGdkhn,1,8349
VjATOR,1,15125
01vLqZ,1,16468
guIGbe,1,6146
Z1wZQD,1,27332
YSIixy,1,11127
XvOyQ1,2,12055
SRqkZf,1,3309
M4OLBr,1,11482
tyTZLM,1,5600
Fp2RPo,1,15494
kQjQBv,1,9810
DRqy0t,1,6837
fYlDBY,1,13409
fEXGVw,1,12137
Gr3cWU,1,5671
IQJU2k,1,19838
LjlCTX,1,3538
fOQj02,1,18649
mHNcRi,1,1856
bDwyr0,1,6397
DUrQo3,1,12868
IbWES3,1,12447
ThOSqP,1,7764
W0KiSc,2,15134
y2OoC4,1,3207
wADalo,1,11565
MkkFPe,2,23881
dFIGwh,2,13739
QgM3ae,1,24905
0RUIsg,1,5578
EAGaSi,1,7270
xjXuuQ,1,3836
4PlEPF,1,6212
QtI0gY,1,7065
E1AIed,1,16582
TLwvER,2,19793
yNoCLx,1,4571
wwjEwb,1,1915
xrlfdm,1,5376
lxZ4Gu,1,7694
ZJmHwh,1,5736
nXxi32,1,4936
SY4d4R,1,11078
vPyeXT,1,4094
vXns0w,1,19639
YA2zue,1,3841
ejO1Os,1,6640
eyqLhy,1,12780
ROgCEW,1,6332
1uqzok,1,2909
jFYnlS,1,4621
AnmgAO,1,12656
iGALwL,1,8376
LtVSgQ,1,2828
kSiXnU,1,26684
u3IofV,1,4496
fvImii,1,11021
bszIVq,1,11835
W30BEB,1,17623
zChTMY,1,8353
Ir3gsW,1,5571
XPzCUF,1,14875
YhvNSo,1,10174
FStlxJ,1,18390
jwlRbY,1,8071
tknYCB,1,15698
yJKCy3,1,6681
kjogxS,2,48845
diZwoB,1,8743
MkVLRJ,1,17145
kCDGbS,1,6275
isZrHH,1,8892
LlJHe1,1,7397
kLeppF,1,10099
3kHlts,1,1677
DLvvsV,1,4080
t1MuOR,1,6631
wRxwaf,1,5541
W1Croq,1,2309
oZVYUY,1,7731
CbOqow,1,8014
lbkJV4,1,5057
1b1HuK,1,7594
oA0pJT,1,5546
sQFgoF,1,5621
lhpBvy,1,8205
qwn0dQ,1,5301
NSMtdR,1,7656
I0hIII,1,1836
yPZtZH,1,19370
c0tl0K,1,9028
vkcnNg,1,20328
2SE1eo,2,20391
sDfVDo,1,6070
OdrsFN,1,7523
1vktcl,2,11852
aB3akM,1,6937
A21AJE,1,9935
PQhV4M,1,5454
1lndDd,1,5186
3EC1OS,1,10147
ITsPqa,1,13151
gfUcfe,1,7891
KZhIgT,1,7476
qVyQnC,1,9938
orDreb,1,9285
zIETLf,1,2594
tzJAHZ,1,6519
wcJk4C,1,8631
NJEqHb,1,35805
cI3Q0B,1,6102
dbANeY,1,11296
seNitZ,1,6058
LSkuXt,1,7415
1hmyHA,1,8078
whmEnu,2,21821
iZF2Tq,1,11657
ASQSe3,1,4985
0CvEGV,1,13039
Mv2Wl3,2,13374
vk4gCM,1,15175
EvLQiC,1,3721
XPfoOX,1,4485
lfJWOn,1,6554
iTcwMn,1,3209
M1FSvh,1,3786
YxvGHU,1,4503
jkFmGe,1,8728
0QIfdB,1,15311
nnJFKa,2,15542
p0TtqK,2,14656
Yg3yGY,1,5253
txlo2i,1,7657
rukPal,2,9078
0N2z1F,1,12495
XwjooX,1,7228
2BrycD,1,20170
wblYdO,1,3054
flqGj0,1,1419
NbUNvY,1,9327
BNIlLo,1,5128
D1d20p,1,24763
ENSwSg,1,3831
yqKasZ,1,4523
IBUHp3,1,10663
rlssW0,1,3414
ekHneZ,1,6809
4FVOZT,1,3040
I0gXKx,1,4157
adVsiX,1,17745
PH0op4,1,8388
mcgPUO,1,5039
4HO4hD,1,8806
CPSptl,1,12554
GjsgvN,1,4352
YCijsT,1,2354
hL0oEi,1,12936
EkghGM,1,3951
DhBT12,1,18433
vEjnBF,1,4483
iCpde4,1,5099
cobhkE,1,4663
duJyMb,1,14524
NVACAb,1,3649
shvsUh,1,9714
gw2VMN,1,16327
MdH1kw,1,5820
D1NVSW,1,2631
wBScBC,1,5410
IRZy10,1,4494
mySORY,1,4640
LDuOR2,1,6191
QYePz4,1,4726
MXnFEp,2,38435
gy0pWL,1,7108
ONsG4p,1,2856
pleIY2,1,14405
V4NJVs,1,11154
bmtPsG,1,4837
YKrX1u,2,27263
SUroOi,1,7608
lYqS4K,1,9095
mfICtl,1,7392
rq3nEK,1,7701
vvFP2x,1,19899
x4vTvc,1,7116
v1Wazq,1,16462
IIUzd0,1,9076
IO3rdw,1,10052
2izroZ,1,7451
lZLOnW,1,6646
OH02U4,1,1928
VIkFsD,1,4956
PVeADs,1,13955
F1FZao,1,3269
Oqui3g,1,6469
zPDGhr,1,3414
ksYtjx,1,12198
tVnmZs,1,1138
QOihED,1,8507
GfWLei,1,2151
ghD3E0,1,4555
bg2T4f,1,4847
3PlWXb,1,6775
ELPaeN,1,10925
OzQXvR,1,5983
QqxnvS,1,3719
JB1P1F,1,5975
HTVtnv,1,10736
Xgcrsh,1,8520
2LEM34,1,13755
Hd2foV,1,9591
WeB3Kz,1,12837
ZJzLv2,1,4532
CNVfWk,2,22561
2IPJeq,1,7478
wwhAdu,1,12448
zYJODe,1,4465
zz0xry,1,4271
PUqFIT,1,7722
2ltCxR,1,6918
Sygso1,1,10350
1KzhIH,1,7513
QrWLKx,1,6394
nigFFO,1,3692
Rqzsfi,1,8827
iKZ2Ul,1,8502
hvMPdL,1,14323
GEBdDI,2,23778
VUfFvu,1,12127
XMVoyu,1,3023
lJkL3Y,1,3743
pgaKMT,1,3490
rwebbv,1,10376
wFXkiJ,1,3985
HlIMPz,1,5840
MrDUlZ,1,12502
TTMJQm,1,7847
2EoFG2,1,3829
FuUaAe,2,31425
lS4wZo,1,6548
iYOmsW,1,5926
l2KaXf,1,8668
Es1poh,1,10360
sO0su1,1,8093
gUqALY,1,4190
JVkIKJ,1,4745
xBemJD,2,19723
YWo2Dv,1,13172
PwXarn,1,14070
oXAXKh,1,18960
VfRUtx,1,15802
NUMlFP,1,10239
HxtiDb,2,12944
WvOchJ,1,6285
D0XfF0,1,7796
pUAVAD,1,7224
wAYyHj,1,8586
ubZzcN,1,44044
gqLfdP,1,24379
qpPjcz,1,9799
41SmHc,1,9552
LKmOZc,1,8828
G43xKg,1,4171
HaPeSa,1,14835
aEiXRT,1,15196
RGztDX,1,12492
bnVJFV,1,6158
zusBfh,1,7608
XHPgFS,1,8433
CVYAsL,1,6304
iIGXoL,1,5027
jgGxUh,1,9560
yNF3yy,1,11137
Hj31Dh,1,7926
idLYCf,1,9986
IcmuJu,1,21440
EEjQ4w,1,4153
byMMS2,1,3572
hAhJyX,1,12217
0HyVzx,1,6795
1uMOOY,1,6183
eBs312,1,10034
Ptt2go,1,3685
OHsFkA,1,6474
3C4equ,1,2630
nSNOJ1,1,24136
SC1qAC,1,13058
YGt0Mb,1,4795
eMTyYY,1,10427
SgsJcA,1,10541
BsdHSS,1,10056
e1dAzF,1,5395
4HAqxR,1,11563
2pMQDH,1,5762
JkYNSr,1,10018
Z02KLR,1,3428
3RiZbN,1,9891
rXpkuX,1,5674
Cdz4fi,1,8377
rBYNhi,1,6844
VNuPhJ,1,19270
DPBxiC,1,7665
xqUpRQ,1,10181
10Jkup,1,7086
FDxcsZ,1,13472
0jIAEr,2,46916
h2wqbY,1,6738
VfAGe0,1,4406
HKgWWR,1,11491
sodgVi,1,4021
4yOOLa,1,7254
Xe1NYj,1,6817
IBwFCP,1,6087
RwZ2Lx,1,4016
1K4qk0,1,15089
V1sLFB,1,8001
ONFZec,1,8630
TqVKlH,1,22797
slRYJI,1,5165
scXCgc,1,9004
jl3nEu,1,5510
OJPA1W,1,3598
gSEGYi,1,13918
vLUm4x,1,4057
WQsLRY,1,6638
FXsNDg,1,11514
I2ifC3,1,16502
ydgmd2,2,6867
SAnJdO,1,8406
wgxvSB,1,4143
qNAuJs,1,6201
CTOMAj,1,14690
kCcNTu,1,15479
BbpiIb,1,2343
CYamVQ,2,28566
VRpsbH,1,9066
QoFr4h,1,2483
bcZMEf,1,5617
A1Arww,1,9627
tPEb1p,1,6608
HaEbLK,1,14476
XwoiGl,1,9959
1K2YOP,1,8681
tAU3A0,1,4175
LyZRv1,1,3476
Pekwnk,2,23799
anrvs1,1,4532
ipjLpD,1,6953
Sz4hjt,1,17103
GsOSNz,1,10665
HAyBIe,1,15448
HazOOo,1,10301
UKoQxy,1,6481
pTCZFj,1,12814
SJRVp0,1,2995
cKxpBW,1,6997
XGzngR,1,7986
Thj2ox,1,14581
yrzCvx,1,15415
OsqIJl,1,19681
MfpqKO,1,6314
khPiLB,1,3292
IcoQUN,1,5559
Nvw2AV,1,5648
sFebfc,1,4452
4KloGn,1,12064
hnMcsm,1,9132
W4JdIw,1,15997
Iqs2eO,1,15318
zKMVyh,1,7249
0hxVge,1,12964
bIn4Nm,1,25690
L1oDCb,1,4232
k0VTOG,1,11770
CorCer,1,7337
yNcVdo,1,7321
NJTmOA,1,5940
JVNLbi,1,29678
SVmZaV,1,6297
oQEkob,1,4195
yKxJEO,1,15307
ck4Nqj,1,8089
ybTZoC,1,8595
gShBlP,1,7124
QXIXDU,1,12214
cDkG3u,1,3948
KGgNdR,1,10071
jInfcQ,1,6837
4uOcfp,1,28589
mLN1lc,1,41041
3acj4N,1,28556
tbowOY,1,8692
BnXQig,1,5297
kAmFH3,1,11738
PzEvim,1,4172
ukciwb,1,9304
ycMtby,1,34211
0syszP,1,19481
ZCFVSc,1,2818
uKwHI0,1,4914
oRy2rd,1,10461
shLNJM,1,8871
lb0cfz,1,8666
K2MpXW,2,33723
JZJfjH,1,15263
nMfnu2,1,4817
syONId,1,5603
VpaNpr,1,1537
XuVVhP,1,12264
A3BVsN,2,60103
JNU0dO,1,5188
4eOlLM,1,6502
E0mmAL,1,5632
KbII2a,1,6657
tDDQET,1,13461
YEMylx,1,5288
lfHNKg,1,10450
XqNuZK,1,25629
cwLHg1,1,17242
yudvpa,1,6238
MYXQah,1,5461
sPiqlY,1,8658
St1i2b,1,4191
3UtJWT,1,3184
CpfsAI,1,7156
kBiWXL,1,10631
zWyHsd,1,12427
N3iFdB,1,6849
IKZqAQ,1,16303
utcfGx,1,2240
u4COLo,1,6435
QBF2PZ,1,15899
zhwbVt,1,4533
X3PeFM,1,9908
1Aayzj,1,6825
1QBcvK,2,20774
Qfvhd0,1,5426
wlqrXG,1,4189
UAyriE,1,7834
OAbu0O,1,4601
MgtMCQ,1,7116
vppMhf,1,11299
UcXpAJ,1,3838
hPPOxc,1,6344
YhUntl,1,4086
vz0wjh,1,5082
3KHkQs,1,4439
wh3mBw,1,4792
MmDget,1,17442
He2aCX,1,9332
ubdN3B,1,23938
fsJeYQ,1,25764
CpRpxF,1,13358
BXfJt3,2,30847
ZwUXox,1,7194
kQq2bo,2,10378
RBEnPP,2,12413
RwmjgV,1,7903
pEfCFg,1,10745
tklYhh,1,4480
aVUPbc,1,14230
iTExUo,1,14995
sEmF0P,1,12776
ABnhGG,1,5979
rYtXwH,1,4111
VTpNQW,1,22098
jTrBVu,1,18378
mqDhNS,1,4325
WyowIg,1,28254
3ZfYYP,1,5867
ITFinR,1,7886
Zi4sfa,1,14917
uJWETq,1,6303
mfPcB4,1,16876
Bd1Wp1,1,1400
aNNZdC,1,3751
jZMmKZ,2,19969
OiflbG,1,8245
unHIGQ,1,12775
fhjREH,1,7227
xpViTp,1,6579
jESHJS,1,5104
lPPepL,1,6955
pmjzJf,1,9961
a1dJOy,1,12156
uzFfIm,1,11556
rWdyQJ,1,4592
ePuVGr,1,4231
V0gGt9,1,16744
zPqyYo,1,3989
qzbgM4,1,3518
InPeLK,1,6562
jMTqtJ,1,10959
j3mG4B,1,14834
qnKBlA,2,16361
ljhpEG,1,9806
j3Dklq,1,6118
taE1Ug,1,6236
eLDwWi,1,8941
bN2zfq,1,3747
kdLhcl,1,4683
ayQTtx,1,7932
mR3MOO,1,3998
lLhAhx,1,7952
4iQEiN,1,11288
NwCxlT,1,7425
JtJMhE,1,6411
rqyIym,2,27620
2VHydX,1,7978
2yJShP,1,8520
KfApqA,1,3767
uzpODd,2,57825
GnQUXg,1,6818
dWdxd3,1,4669
11mOEM,1,13597
yiNTjr,1,5288
lKIa1R,1,3350
wiFInx,1,3965
jmkic1,1,6671
gtVVWX,1,11262
MxDsXQ,1,5093
FNOm44,1,9488
ZnYhqZ,1,14134
TlQiWj,1,6993
WurVZD,1,4298
YZDmbl,1,3529
AhZFGx,2,67014
Komiha,1,5189
ZJU4wo,1,12018
IZThwO,1,6898
uuLNUl,1,5831
fD3UVR,1,4776
kDSmpV,1,11827
QryIPs,1,15891
yPIjuU,1,4654
bEPm3d,1,2563
VYBwRQ,1,7284
sKAHxl,1,18232
yFjXfJ,1,6413
ESFFkN,1,15301
DRV1eZ,1,6324
huWssM,1,6881
Z2CsHk,1,13065
1zlT0P,1,9307
i4rOv1,1,8049
QplTvD,1,13914
4NVkdO,1,7845
4vqleT,1,7282
e0j3Pi,1,18906
pZcgZT,1,20755
4YtKa2,1,3730
vyYhSx,1,8692
2UYeKk,1,4033
3pYaVD,1,10492
0AuFYd,2,25523
3sjrom,1,24623
seg3MG,1,7456
zWq0iw,1,29582
0Nyvk3,1,10491
1uZ23y,2,26558
UiNVck,1,5722
cmSnsn,1,4061
zwdfSb,1,15519
RFrtNx,1,5095
NPtLdQ,1,40211
djDZVL,1,3993
dMRhdB,1,13881
LdVE1L,1,6733
FpGImN,1,10059
nUaVCu,1,2999
T1UABc,1,12401
mij0jp,1,6238
VMLMzL,1,9628
1Vowxv,1,11010
B1R3yG,1,5288
l3lKyf,1,6125
uF1JKa,1,9374
i2ELfC,1,7036
jcS1oq,1,8086
xG1oCN,1,18959
QeITXN,1,6838
wRCCFF,1,6486
2sKaEg,1,6595
gG4hYq,1,6009
uoeGCq,2,9074
yHbIF2,1,26427
nthNL0,1,4963
k1LEBl,2,15029
ktDFON,1,9739
GmrpGj,1,7155
VO3iKQ,1,5900
fkIbux,1,3452
CkhGUh,1,5419
uIkuxe,1,8814
fEQU3d,1,3917
cFk1LL,1,2796
Lhbtpk,1,11870
4A4fTS,1,7606
Ghqohp,1,7025
vvzlvi,1,6332
i1dtqY,2,18174
WLTlaa,1,9821
TFYDQR,1,6862
fzYpIi,1,10910
wcwbxA,1,9383
oOwb4n,1,1762
BfbjCU,1,9277
QwiTWX,1,4609
CJQJfw,1,2944
SJfMlk,1,6678
irgTpV,1,3919
YlyzdZ,1,3117
uMkrFU,1,7774
pJEQn1,1,5108
yZGdkw,1,2924
VmNTPi,1,6781
zTBoHs,1,17030
PwqGNM,1,8119
23Tn4T,1,4835
G3tZiE,1,8386
0vt1A0,1,18774
UF4lNO,1,9268
b2s0Xr,1,14160
BmdAkK,1,3866
0orX4J,1,14716
NZJ2Uy,1,24173
OAwwhD,1,3480
fiARPG,1,3295
PCTVj4,1,3869
ksEuqR,1,8743
KNobol,1,11129
L0dUlc,1,7627
yMoNJg,1,10869
3PFjQS,1,7012
sBMkvw,1,15177
YLYPxV,1,10539
a3UyAQ,1,2664
cCLEDJ,1,11159
4fQhJZ,1,4550
lrD3re,1,8242
3b4he3,1,3507
KfC3dU,1,4694
sPjfob,1,11410
H0FmUm,1,7364
tNEXMA,1,7240
sMAVvw,1,6149
ZLENzO,1,6880
KHIDdj,2,17789
BDaMmn,1,11045
PDYuPa,1,2445
GfYkRz,1,11503
pPs0Ml,1,8060
vhh4eS,1,8791
F3nULQ,1,4603
acKlLC,1,1737
icrjnk,1,8375
BAsWWu,1,7977
tO2PQn,1,7155
ytonzA,1,17820
KqINnR,1,1720
LQvdB0,1,15688
Pgrvch,1,9300
S2bxMR,1,11241
LQMVFg,1,15003
Wwbd3X,1,15160
4YQ1Zk,1,8453
IYkKSO,1,4707
1zrokR,1,3451
axw0Lj,1,8775
N0bpzr,1,6102
p2AWoF,1,4488
MU0LSR,2,26568
dmbiO2,1,7022
PwwKiG,1,3157
1yMIYV,1,10709
GlvliS,1,11983
0cjecw,1,7822
iALe3m,1,2687
0hmLQ0,1,27085
soksOt,1,23563
4MTKQE,1,17824
oHPFHw,1,7074
VlfjMZ,1,7260
UwLkfC,1,5063
jwFhio,1,2044
bjgT3U,1,7889
TauU1V,1,9111
HqewQG,1,5066
GVwoEV,1,3539
PVOG1v,1,23252
uNcyBR,2,18196
xzTB3i,1,6514
pGRKiq,1,7106
tcdgyx,1,6249
0GifiE,1,6074
SkXwQX,1,3791
TbEgct,1,6167
cZYYpo,1,10237
I4eLNA,1,6716
MJEwPS,1,9010
zndqfa,1,2016
XGOsIL,1,7564
NVOmez,1,8425
crzt3H,1,8707
0psWob,1,3898
0WHETO,1,12837
yrcUTN,1,6795
fwuhol,1,13130
3Aio1w,1,15144
WWdLpz,1,14252
CjzGrt,1,4394
bqeluO,1,7014
sqizxU,1,3332
jPghor,1,2896
JXEjuE,1,5439
cJNxSy,1,3797
pdZnHe,2,27412
rW1upj,1,7358
CYNjpN,1,16591
iwWEzf,1,4175
CrYKCR,1,1608
QU3rjK,1,3048
jZsoGC,1,12710
uFlcAR,1,5447
DehvtS,1,5007
CerjFN,1,3479
suyKmA,1,11888
eg4g2z,1,9843
3apWbG,1,4051
rmcPJa,1,60022
JDU3sI,1,2953
tfUezw,1,6998
rT3po2,1,12475
EhAspp,1,9505
zzjJO2,1,5195
E4WmG2,1,3733
3tBAe0,1,2579
0GrtYs,1,9298
IUxoJx,1,7958
DZdTQB,1,22455
eYspfn,1,5137
PDUOCT,1,3256
IupmLg,1,14057
Yg2qRc,1,4312
OLIcTC,1,13659
JNapEA,1,7864
By3HcT,1,4800
JPwfdd,1,19042
KM4RpV,1,4143
NFBfti,1,8935
e02fMj,1,22766
r42EaI,1,8889
EJbNPW,1,3389
ExnMhA,1,16538
b3g4KL,1,19758
J1nXXh,1,8527
3TWdaX,2,12768
3H4zGl,1,5320
IdrgiE,1,10368
EoxBfE,1,5656
VQUcVi,1,9075
vOjeCl,1,6556
Cdsw4L,1,8743
jxVfDI,1,4170
GuUvDu,1,6985
jAr4yK,1,4568
NOjBcu,1,9022
pAItL0,1,6797
XtUjvB,1,13654
YnMXLo,1,7261
rZ0swJ,1,22508
FWaysI,1,5877
kbPEgV,1,5777
xynsBu,1,8712
NOuPDc,1,6006
Qyl2JZ,1,6462
YNsWHx,1,6456
dQN0hr,1,7423
1KOHlT,1,3787
mAiuYV,1,10392
WcmIKE,1,10648
etNtu2,1,5415
GcktP3,1,3098
lFyvip,1,6572
o21JtF,1,6622
r3cubO,1,15974
c3VN0H,1,25504
nHkXOf,1,13035
dxuRVo,2,7663
mlecSl,1,3837
pRgY2o,1,4153
C43ZI3,2,27303
OqCyIV,1,19332
PxbeJ3,1,4293
tNGOOh,1,9958
YpEPfQ,1,3102
ORxHYu,1,5937
1JjlLA,1,890
aYut4C,2,11206
wnCYuk,1,8045
1QdAuu,1,3770
zx4GzD,1,5049
JhUaGe,1,4114
mv3lF0,2,17441
lwFWjZ,1,10111
NbPC12,2,22181
OUgYfG,1,3845
0zHvSc,3,36058
GqUnN2,1,3362
Xjoa2N,1,3853
wJgXWG,1,7889
KPvDAt,1,12638
pataUL,2,41694
wKRfVz,2,17672
EydtKK,1,12973
cyjrJm,1,7015
ZbpHdp,1,9267
uiX0UF,1,11215
xRRC1m,1,5489
EtHYci,1,12329
poVLew,1,7178
lBIAHj,1,7800
gHhQIA,1,3701
1afrnI,1,12192
nBVQhm,1,10809
zHiFj0,1,3206
WnUFUO,1,5024
AEbMpu,1,11797
DraXzy,1,27029
e4Sztd,1,15953
QyUwD0,1,8161
TaYNGz,1,4984
PMv3RR,1,4468
uRf4Oh,1,5311
nXc1Ay,1,3057
sFLuuH,1,8430
vZXaJ1,1,7025
ySvYgB,1,13824
SYijXC,1,4240
hKYVOd,1,2169
LJ3vlc,1,8208
431ubT,1,26428
OWntFR,1,6445
k0zC4L,1,5148
0VpxSa,1,2486
MDgb2V,1,11099
ifIkHZ,1,9827
Tak4vw,1,3501
Qpmmwd,1,12213
mZx0se,1,4543
PWEn1t,1,2148
ZDlbj0,1,8520
LK2dl0,1,8824
u1xqCc,2,17217
cAZyUu,1,4882
PJkvcR,1,3710
To0AAB,1,4884
lMhdOU,1,4816
ta1U4i,1,12382
PI33cl,1,10308
2Hpw4H,1,6525
rvbtxb,1,4493
wkdeeZ,1,4696
IDpVSb,1,12637
bqRQhX,1,5792
nr3yif,1,19593
Vv1S2F,1,6476
L1vtJ2,1,17052
l3JcbV,1,10410
WhEuLd,1,10052
xAmOdf,1,21403
fVanfW,1,7333
MMfsBk,1,16274
SaIN4M,1,7107
0ppRXk,1,8490
tBG0Dz,1,3761
uah2Ed,1,4909
BYGzGd,1,7121
RahhFZ,1,11024
jEKWE1,1,15940
OkhrqV,2,17597
0fZutp,1,7529
YemUK1,1,920
x0jFgx,1,23376
WTbFPe,1,13198
UA1nNs,1,5757
3VVvkU,2,19883
k0IYTx,1,4638
IaKa3b,1,13942
CMobLi,1,4457
1VDIUB,1,5467
CNApRp,1,8450
oCa2rR,1,8123
vzJYNI,1,24597
Kf2FVa,1,8679
R3z0LU,1,13855
af3UkH,2,11364
1ezVSi,1,6853
bMRzVO,1,8193
pYNhgj,1,16536
LmY4KX,1,10845
LXR1lL,1,8769
b2jPaL,1,8176
wlSJBH,1,11941
eunUia,1,6382
yAah4w,1,4726
fzgzMG,2,18955
bBVvb0,1,12417
yRtLqg,1,5911
MvyWuZ,1,8028
4X4Yhl,1,23316
nPKi0H,1,5242
XhCXj0,1,8612
W3sGVu,1,13392
prX01Y,1,15952
POIvpS,1,9229
HwWdOg,1,12697
Y0ej03,1,5370
emp2wt,1,5546
TW2Gsn,1,15644
awG1Lh,1,9443
sASEjz,1,7209
BLEIJa,1,5393
wq2Qzo,1,8927
1MKUqP,1,6060
vJysd1,1,11030
jJqUVk,1,7421
4MGr0J,1,12878
OUXPYy,1,4185
tLiU1Y,1,14544
vjLJRN,1,10123
UldL4c,1,8138
VFIb3f,1,2615
lIwL41,1,3386
ngrMsZ,1,5484
zNXuak,1,2037
GzCTDc,1,11220
NorVeI,1,9888
o4yxus,1,2916
rQxGsf,1,22527
pvaIrh,1,11874
XJBmIE,1,3738
0CRpMl,1,6553
qnNy0c,1,23442
Pppoli,1,4601
GCnZYv,1,5911
zgy2GU,1,7118
h2Ypmy,1,12475
rvX3Jr,1,8485
yZfNUq,1,4046
0wRORT,1,5867
2qwvqz,1,4371
2xOgFW,1,15773
oQlCyB,1,4333
0zivvk,1,9430
kcMuJX,1,7186
ocp4do,1,17988
J1QOIS,1,6685
kYMrZK,1,3802
pOMMnJ,1,3997
nI1mVc,1,13894
Deppz2,1,8664
CxvDyf,1,12807
IOrrZJ,1,11696
hDjhYC,1,6029
HgQCjA,1,14216
oxOCdW,1,1501
TSxalq,2,8153
ODH2w0,1,6699
FxapJR,1,6228
azCLzT,1,5568
BpzJ0K,1,9382
qUM1Gx,1,6880
4jwDJc,1,3751
nFSdWq,1,5222
hWdBfg,1,4889
4TBjR3,1,5523
aJCvgL,1,6358
YgThbY,1,6137
kRbxPV,1,4557
ZKQF3z,2,34067
KHDbR4,1,8207
g0ssaP,1,16953
dndAJe,1,6637
tJ0VUi,2,13624
nKN1lY,1,6817
COxTGf,1,21236
hEMnW3,1,16375
pSiUPx,1,17853
kIIBff,1,6666
PeVhuQ,1,24803
FQ3c0b,1,4296
P4CQZY,1,10107
aaAhis,1,3352
IDIyYf,1,12209
3uz1vh,1,2966
SlRzZj,1,13465
FxyknJ,1,13289
JlIyuu,1,2679
TQ0MNT,1,4058
RBLvhp,1,11195
NXpRQS,1,4823
CdoiKO,1,3692
uPr1Bu,1,5157
sXk20y,1,2427
gaxAo0,1,20245
UJkotg,1,5367
vN3VXO,2,21418
HAObAR,1,21319
UmlxQR,1,6607
MekZyP,1,9602
3BaZXj,1,12005
LNRshU,1,12997
t4LESY,1,9916
mCGCOx,1,20391
OJRGER,1,4492
grEqos,1,9174
oNUwdS,1,8508
YXbANk,1,10718
vltqBw,1,9135
QwsGBb,1,2180
0MCJrV,1,11151
BNtRBa,1,16719
QVfd1h,1,9351
BAD3Go,1,11808
T4XoAY,1,10586
WGCJh0,1,11799
SJqceq,1,7150
EBYGCc,1,13154
eCxgrR,1,3878
kPdhtl,1,2780
JKKWfI,1,11914
dUGwzl,1,4817
4rO4AJ,1,3099
VKcNcs,1,5615
VT1OiW,1,6194
QZVggC,1,4475
zScHid,1,10052
0eNEq3,1,10541
TavyFc,1,5088
b3y4Dc,1,23972
fFpQNW,1,11469
1cnmq0,1,4597
WtlaJF,1,3773
JBjzbv,1,3825
ilFMeS,1,9491
G2koOP,1,4907
UWNCJs,1,4015
JtPwfC,1,5389
NsnwEX,1,9976
Ysf3Yy,1,8119
XcFuSm,1,5912
nbdQkJ,1,12532
InJc0g,1,16723
cNpl1a,1,5399
TUqS2h,1,6097
NuomNi,1,10623
AUCdzJ,1,7273
DADgxR,1,6320
kug1Fm,1,4415
p4mbOR,1,4750
OCO20S,1,19301
kklRNT,1,10781
E4GZqP,1,16573
AbNEON,1,11312
QDM0oE,1,3875
v2x4MV,1,2746
KoCuxV,1,13457
cLtbdR,1,4877
YMHpFp,1,5070
uHr2jK,1,6335
BLO4el,1,6624
S3KfWm,1,4207
AYXSZU,1,7957
xkBJJZ,1,7046
Sx1LsK,1,11588
zeVqhX,1,5052
LTPilP,1,7969
aVtd2O,2,29615
UbhJom,2,27122
AkRin4,1,4099
nDSKim,1,29366
hmkvWT,1,4295
mbouKm,1,7831
YJ0gqh,1,8417
zCwzga,3,31272
kTxaDW,1,10164
unjlZt,1,7568
hNjVUp,2,15846
bTuj4U,1,6736
rtZ3en,1,9090
3gFaOB,1,2396
2C14aJ,1,29625
hmEjNu,1,6513
OhtmcZ,1,3332
QvYgSD,1,988
j1dIgx,1,1740
cWEPmN,1,3250
4SZl1t,1,4757
M2d4Rg,1,4136
NRhuOG,1,17387
YlGVF0,1,6956
QnQlid,1,12258
lpBBMx,1,6844
Olzemc,1,3859
rUxy3N,1,12300
CisGsF,1,4775
xusFti,1,7026
Txm0eY,1,7689
dcqlmH,1,10679
GnVEXM,1,4580
jyCRjY,1,4871
ZisDeW,1,7675
lEdtaq,1,9319
wZmqDn,1,10804
1bVWvo,1,10257
hfho4F,1,7575
ElmkA1,1,4973
RnzOoW,1,9818
OzgVVt,1,4794
DqgeVc,1,7737
lyJENF,1,19035
mAuHTM,1,11791
iOGdas,1,10410
QVTWQS,1,15142
PvySBr,1,3398
JECkck,2,29878
TjcLEF,1,3462
OUpgZ3,1,3201
aWkWQ4,1,3745
cfBza2,1,13545
TiJJUp,1,4277
M2UjAY,1,11538
ZDLIIt,1,20100
PfAsRW,1,9634
XJFohY,1,5078
QhmjDq,1,17993
nMO1ms,1,13208
nDuVkV,1,3123
sVIB2j,1,17951
nMlyrn,1,9502
3qsXKq,1,11263
tDRNz2,1,4023
C4LCeG,1,9001
haGRPS,1,6383
h33Hyb,1,3294
PWJTfX,1,7246
kRi4Iz,1,15340
Ql4xGe,1,17767
DIamIJ,1,5015
qSQxv4,1,6261
GNqnJA,1,9625
bhm4Ih,1,15656
jyGPmX,1,4895
bePgGu,1,4637
nROExW,1,10422
1w3ltL,1,5313
jenj0P,1,2492
QrxltX,1,8414
dMCIct,1,9220
KL1IzK,1,13907
yZuJmD,1,6069
Lb2P4q,1,17749
TzZ4Oa,1,7908
BtJpqj,1,12037
PyllT1,1,7491
IBGIue,1,13083
QwZHkR,1,13023
rkRX4l,1,6161
dwkuUR,1,7913
rMFGjO,1,6984
4ODlZV,1,17140
bqwPFi,1,6615
XLJchz,1,5457
lsuptz,1,5435
StWHD1,1,13385
ZOSJsl,1,6836
V1VkWO,2,33162
JFOwuq,1,4951
FjWOlk,1,34847
3NrB4m,1,19019
hviFfU,1,18549
2vyGwk,1,6516
fAWvP3,1,3128
epYFiU,1,5953
lGACc1,1,4077
NKvsGL,1,2880
BqfWpc,1,2840
U4wwhg,1,10236
OgD1aF,1,5338
XBHPGb,1,7634
3QJRC2,1,5633
WwJETR,1,11846
2GuTUK,2,10641
iN0Cfw,1,11555
nVBeBo,1,5409
MTnDXJ,1,9557
DZcq4Y,1,9345
K1wbEK,1,5057
dlaSJN,1,4493
tZzkfm,1,4042
GaVEOP,1,4863
HQHuGV,1,2938
OSCQoc,1,6904
tVHFse,1,15070
nFoQro,1,9508
YJYMDA,1,11156
BGynnM,1,7297
FwBjsz,1,6077
XPjybE,2,17655
ipo2YC,1,7615
bXaLZj,1,8067
XvNuAD,1,22534
afKkcl,1,2335
hUnK0I,1,5826
U24B0P,1,31175
IyEnOi,1,17890
LN4DLA,1,3622
nZcGOF,2,33859
0vpyxz,1,5924
oEB4wE,2,24893
kRhPRn,1,7352
QgzGLG,1,3394
tcbKYx,1,4155
dHnzVd,1,2624
NYoh0K,2,9358
2GZvSp,1,12799
pzm3pb,1,4209
mdfpjX,1,4197
TKghQE,2,24781
rmBlWo,1,16934
nOFtAK,1,5562
paTvjh,1,7184
NkKSDy,1,6021
4wsfOb,1,21281
uaLo2Z,2,15175
4zINEB,1,10837
3jnzTu,2,10760
SJfMlk,1,6678
MKEX4Z,1,6431
pOMMnJ,1,3997
